epoch,time,train/box_loss,train/cls_loss,train/dfl_loss,metrics/precision(B),metrics/recall(B),metrics/mAP50(B),metrics/mAP50-95(B),val/box_loss,val/cls_loss,val/dfl_loss,lr/pg0,lr/pg1,lr/pg2
1,4.49132,4.57128,7.22948,0.12341,0,0,0,0,6.3119,16.7488,0.28349,0.00016,0.00016,0.00016
2,6.50165,4.4912,7.02157,0.11826,0,0,0,0,6.32076,16.879,0.28361,0.000339327,0.000339327,0.000339327
3,8.96067,4.38625,6.43202,0.1118,0,0,0,0,6.32364,16.9675,0.28395,0.000517941,0.000517941,0.000517941
4,11.1914,4.4041,6.13395,0.11723,0,0,0,0,6.31626,16.915,0.28364,0.000695842,0.000695842,0.000695842
5,13.388,4.21421,5.35439,0.10987,0,0,0,0,6.25751,16.2465,0.28194,0.00087303,0.00087303,0.00087303
6,15.7152,3.98255,4.79941,0.10445,0,0,0,0,5.60452,11.0966,0.25968,0.00104951,0.00104951,0.00104951
7,18.6168,3.99581,4.39108,0.10634,0,0,0,0,5.70282,10.5515,0.26352,0.00122527,0.00122527,0.00122527
8,20.7037,3.72717,3.9945,0.09888,5e-05,0.005,0.00502,0.0005,5.50171,5.44908,0.26231,0.00140032,0.00140032,0.00140032
9,22.7361,3.50395,3.53984,0.0892,0.00018,0.02,0.001,0.0002,5.21574,4.56655,0.23121,0.00157466,0.00157466,0.00157466
10,24.8704,3.38093,3.39974,0.08861,0.02132,0.325,0.02697,0.00626,3.49795,3.27828,0.13246,0.00174828,0.00174828,0.00174828
11,27.2795,3.13599,3.07188,0.08029,0.04138,0.045,0.02278,0.00503,3.31477,3.28969,0.11957,0.00192119,0.00192119,0.00192119
12,29.5199,2.97497,2.85251,0.07412,0.06106,0.13,0.02809,0.00558,3.02444,3.35017,0.11177,0.00195644,0.00195644,0.00195644
13,31.9087,2.87003,2.77424,0.07104,0.01194,0.07,0.00791,0.0019,3.41807,3.5988,0.1243,0.00195248,0.00195248,0.00195248
14,34.3769,2.81669,2.54943,0.07038,0.05612,0.21,0.03296,0.00844,2.75193,3.26683,0.1154,0.00194852,0.00194852,0.00194852
15,36.5748,2.69948,2.38435,0.06543,0.05261,0.14,0.02788,0.00729,2.82607,3.2749,0.09882,0.00194456,0.00194456,0.00194456
16,38.6377,2.60339,2.22319,0.06336,0.0751,0.12,0.0379,0.00813,3.04855,3.11068,0.09407,0.0019406,0.0019406,0.0019406
17,40.6588,2.5163,2.09235,0.05799,0.27796,0.25,0.15683,0.0466,2.61171,2.50008,0.09036,0.00193664,0.00193664,0.00193664
18,42.8338,2.33172,1.91106,0.05424,0.33778,0.315,0.19844,0.05331,2.8977,2.17071,0.10088,0.00193268,0.00193268,0.00193268
19,44.8986,2.35656,1.83806,0.05335,0.26797,0.165,0.08588,0.01977,3.75922,2.5407,0.13065,0.00192872,0.00192872,0.00192872
20,46.9909,2.37286,1.76948,0.05502,0.44726,0.4,0.3501,0.0969,2.73225,1.79855,0.09165,0.00192476,0.00192476,0.00192476
21,49.0249,2.22,1.6404,0.04925,0.51493,0.425,0.39706,0.13739,2.50846,1.86746,0.08684,0.0019208,0.0019208,0.0019208
22,51.2052,2.12776,1.61922,0.04518,0.44799,0.355,0.35161,0.10372,2.60826,2.15241,0.07986,0.00191684,0.00191684,0.00191684
23,53.2208,2.11915,1.56263,0.04746,0.52783,0.52,0.47442,0.19541,1.97432,2.07128,0.05953,0.00191288,0.00191288,0.00191288
24,55.3033,1.99177,1.53078,0.04383,0.58743,0.575,0.61626,0.25067,2.05014,1.42846,0.06283,0.00190892,0.00190892,0.00190892
25,57.3272,1.97009,1.45679,0.04149,0.65903,0.49,0.57195,0.17382,2.50451,1.47943,0.08358,0.00190496,0.00190496,0.00190496
26,59.4432,2.04778,1.45917,0.04543,0.70036,0.535,0.59297,0.26355,2.02646,1.43534,0.06755,0.001901,0.001901,0.001901
27,61.5155,1.93072,1.33941,0.04022,0.71163,0.5,0.58506,0.26118,1.86112,1.38512,0.06061,0.00189704,0.00189704,0.00189704
28,63.5618,1.91118,1.31076,0.04114,0.5635,0.535,0.60152,0.24915,2.06183,1.4853,0.08055,0.00189308,0.00189308,0.00189308
29,65.6611,1.7674,1.21787,0.03786,0.59544,0.5,0.54191,0.2579,1.94805,1.44903,0.06621,0.00188912,0.00188912,0.00188912
30,67.6865,1.72834,1.17208,0.0354,0.61788,0.57,0.62517,0.31752,1.72,1.26976,0.06543,0.00188516,0.00188516,0.00188516
31,69.7508,1.7978,1.17728,0.03793,0.78523,0.53016,0.65774,0.33032,1.84903,1.15368,0.05782,0.0018812,0.0018812,0.0018812
32,71.8513,1.68223,1.12021,0.03468,0.64621,0.57535,0.67595,0.31618,1.8002,1.1517,0.05551,0.00187724,0.00187724,0.00187724
33,73.9612,1.60832,1.06099,0.03364,0.63166,0.67737,0.70036,0.39577,1.4978,0.97887,0.04494,0.00187328,0.00187328,0.00187328
34,76.0872,1.6418,1.07511,0.03491,0.71715,0.70991,0.79979,0.47271,1.36271,0.86398,0.04428,0.00186932,0.00186932,0.00186932
35,78.2856,1.58587,1.02246,0.03366,0.7007,0.72576,0.78838,0.43747,1.57189,1.07884,0.04788,0.00186536,0.00186536,0.00186536
36,80.5379,1.54571,0.95806,0.03241,0.72966,0.775,0.82116,0.47977,1.49515,0.83921,0.04274,0.0018614,0.0018614,0.0018614
37,83.2331,1.51957,0.95782,0.03097,0.79616,0.66,0.8148,0.49433,1.33876,0.91741,0.04077,0.00185744,0.00185744,0.00185744
38,85.8985,1.42644,0.88144,0.0287,0.69246,0.79,0.81458,0.422,1.80013,0.97787,0.05416,0.00185348,0.00185348,0.00185348
39,88.2805,1.52705,0.94092,0.02974,0.86424,0.78,0.89031,0.56037,1.36416,0.74948,0.03541,0.00184952,0.00184952,0.00184952
40,90.9096,1.45132,0.91716,0.02943,0.80408,0.82083,0.89805,0.57699,1.28029,0.63154,0.03868,0.00184556,0.00184556,0.00184556
41,92.9364,1.45045,0.87958,0.02825,0.6495,0.755,0.73763,0.45188,1.2318,1.18705,0.0372,0.0018416,0.0018416,0.0018416
42,95.0087,1.25724,0.78602,0.02544,0.8049,0.72196,0.84626,0.54066,1.33038,0.78948,0.04087,0.00183764,0.00183764,0.00183764
43,97.0312,1.2749,0.79716,0.02436,0.82569,0.695,0.81472,0.54523,1.1616,0.7599,0.03276,0.00183368,0.00183368,0.00183368
44,99.1744,1.30196,0.7876,0.02635,0.74622,0.8086,0.81897,0.56086,1.17308,0.74107,0.03455,0.00182972,0.00182972,0.00182972
45,101.217,1.30514,0.77427,0.02538,0.74879,0.785,0.82514,0.57331,1.27271,0.85238,0.03451,0.00182576,0.00182576,0.00182576
46,103.251,1.26827,0.74684,0.02436,0.72703,0.8523,0.82849,0.57676,1.18183,0.86562,0.02932,0.0018218,0.0018218,0.0018218
47,105.256,1.25045,0.73167,0.02465,0.80224,0.79105,0.87675,0.61379,1.16055,0.67048,0.02912,0.00181784,0.00181784,0.00181784
48,107.495,1.20089,0.71059,0.02362,0.8552,0.88593,0.95204,0.69883,0.96787,0.60505,0.02387,0.00181388,0.00181388,0.00181388
49,109.57,1.2514,0.72603,0.02422,0.73724,0.885,0.89116,0.60963,1.21812,0.62044,0.03519,0.00180992,0.00180992,0.00180992
50,111.652,1.229,0.7025,0.02432,0.77033,0.795,0.84889,0.63192,0.92271,0.69181,0.0232,0.00180596,0.00180596,0.00180596
51,113.737,1.17089,0.66048,0.02262,0.79282,0.78446,0.87344,0.63805,1.02473,0.64727,0.02672,0.001802,0.001802,0.001802
52,115.86,1.1686,0.65638,0.02227,0.79988,0.83938,0.86787,0.62431,1.05614,0.74457,0.02727,0.00179804,0.00179804,0.00179804
53,117.869,1.12019,0.63424,0.02147,0.81244,0.85,0.89916,0.64145,1.09856,0.70639,0.0309,0.00179408,0.00179408,0.00179408
54,119.909,1.19538,0.66414,0.02416,0.78809,0.82,0.88081,0.60927,1.15705,0.66385,0.03875,0.00179012,0.00179012,0.00179012
55,122.005,1.08219,0.63359,0.02133,0.81196,0.83,0.89745,0.64486,1.05063,0.60019,0.02871,0.00178616,0.00178616,0.00178616
56,124.08,1.20442,0.64357,0.023,0.88291,0.8,0.91838,0.6345,1.03584,0.59582,0.02351,0.0017822,0.0017822,0.0017822
57,126.115,1.223,0.63492,0.02426,0.82598,0.85437,0.91213,0.67472,0.87352,0.56616,0.02425,0.00177824,0.00177824,0.00177824
58,128.191,1.12695,0.6209,0.02223,0.75805,0.91,0.91282,0.64142,1.09501,0.61118,0.02587,0.00177428,0.00177428,0.00177428
59,130.296,1.19117,0.62931,0.02253,0.90676,0.815,0.92802,0.68288,0.89895,0.56969,0.02279,0.00177032,0.00177032,0.00177032
60,132.355,1.17573,0.62549,0.02274,0.93964,0.77,0.92252,0.63202,1.04605,0.65035,0.03107,0.00176636,0.00176636,0.00176636
61,134.369,1.10925,0.58654,0.02216,0.85248,0.815,0.90446,0.69547,0.84621,0.59273,0.02323,0.0017624,0.0017624,0.0017624
62,136.517,1.16222,0.62936,0.02248,0.84142,0.87548,0.93546,0.67913,0.98154,0.63484,0.02535,0.00175844,0.00175844,0.00175844
63,138.524,1.13973,0.60982,0.02258,0.86119,0.82,0.91705,0.62912,1.07942,0.73513,0.02705,0.00175448,0.00175448,0.00175448
64,140.567,1.10643,0.59022,0.02329,0.82294,0.76691,0.88881,0.58822,1.13424,0.74857,0.03637,0.00175052,0.00175052,0.00175052
65,142.661,1.09316,0.60902,0.02147,0.88646,0.795,0.90946,0.66804,0.96392,0.67174,0.02529,0.00174656,0.00174656,0.00174656
66,144.806,1.06819,0.57396,0.01987,0.8076,0.79754,0.87452,0.57823,1.1879,0.74163,0.03411,0.0017426,0.0017426,0.0017426
67,147.088,1.11148,0.59221,0.02181,0.76484,0.83,0.88717,0.63859,1.04679,0.73744,0.02797,0.00173864,0.00173864,0.00173864
68,149.376,1.10581,0.59723,0.02186,0.83704,0.76,0.90304,0.66233,0.88412,0.61317,0.02275,0.00173468,0.00173468,0.00173468
69,151.727,1.07946,0.58425,0.02034,0.92369,0.86,0.9594,0.64313,1.14895,0.65835,0.02891,0.00173072,0.00173072,0.00173072
70,154.042,1.08376,0.58271,0.0207,0.82779,0.815,0.90677,0.66265,0.92609,0.52852,0.02701,0.00172676,0.00172676,0.00172676
71,156.284,0.99002,0.55236,0.01866,0.8727,0.82268,0.92479,0.69351,0.89138,0.53132,0.02261,0.0017228,0.0017228,0.0017228
72,158.416,0.96983,0.52052,0.01763,0.86281,0.905,0.94748,0.73833,0.85363,0.54257,0.02497,0.00171884,0.00171884,0.00171884
73,160.471,0.98883,0.5166,0.02008,0.79613,0.93723,0.93333,0.69884,0.92048,0.54083,0.02608,0.00171488,0.00171488,0.00171488
74,162.616,0.98142,0.54049,0.01835,0.81195,0.88,0.90451,0.70658,0.75499,0.63247,0.01977,0.00171092,0.00171092,0.00171092
75,164.623,0.96492,0.52103,0.01754,0.90071,0.865,0.9409,0.72891,0.75487,0.563,0.02056,0.00170696,0.00170696,0.00170696
76,166.655,0.9977,0.5288,0.01868,0.88525,0.855,0.94082,0.69092,1.00286,0.49105,0.02833,0.001703,0.001703,0.001703
77,168.754,0.96843,0.49756,0.01799,0.75688,0.93399,0.91115,0.70126,0.89347,0.64897,0.02309,0.00169904,0.00169904,0.00169904
78,170.806,1.02742,0.52805,0.02079,0.92094,0.855,0.95948,0.73451,0.8287,0.55052,0.02313,0.00169508,0.00169508,0.00169508
79,172.819,0.98175,0.47672,0.01848,0.93034,0.905,0.97214,0.74039,0.88691,0.44619,0.02544,0.00169112,0.00169112,0.00169112
80,174.888,1.03743,0.51738,0.02026,0.86904,0.92902,0.95946,0.72623,0.78209,0.44993,0.02273,0.00168716,0.00168716,0.00168716
81,176.979,0.96422,0.50691,0.01757,0.88382,0.805,0.9324,0.73093,0.70781,0.53589,0.01912,0.0016832,0.0016832,0.0016832
82,179.034,0.91218,0.48621,0.01737,0.9256,0.775,0.93645,0.6981,0.95085,0.5963,0.02666,0.00167924,0.00167924,0.00167924
83,181.069,0.94389,0.48797,0.01724,0.82086,0.84772,0.91505,0.7145,0.80845,0.55133,0.02096,0.00167528,0.00167528,0.00167528
84,183.147,0.91938,0.48017,0.01594,0.92352,0.915,0.9613,0.75948,0.76926,0.45238,0.02033,0.00167132,0.00167132,0.00167132
85,185.312,0.91537,0.4927,0.0168,0.94323,0.83074,0.94986,0.69091,0.9308,0.5191,0.02543,0.00166736,0.00166736,0.00166736
86,187.356,0.93215,0.47484,0.01636,0.89171,0.83,0.93569,0.74953,0.81705,0.53549,0.01826,0.0016634,0.0016634,0.0016634
87,189.375,0.99107,0.48354,0.01745,0.89965,0.865,0.93855,0.71326,0.82328,0.46356,0.02227,0.00165944,0.00165944,0.00165944
88,191.442,0.92835,0.46352,0.01752,0.90123,0.875,0.94197,0.73987,0.85363,0.48499,0.02099,0.00165548,0.00165548,0.00165548
89,193.536,0.91077,0.44329,0.01644,0.89711,0.87194,0.95775,0.73117,0.82185,0.44747,0.02387,0.00165152,0.00165152,0.00165152
90,195.561,0.96496,0.46781,0.01829,0.81503,0.87,0.92448,0.7212,0.81792,0.50997,0.02071,0.00164756,0.00164756,0.00164756
91,197.586,0.89081,0.45593,0.01638,0.90525,0.865,0.95642,0.70463,0.95663,0.59514,0.02205,0.0016436,0.0016436,0.0016436
92,199.659,0.86616,0.4353,0.01552,0.83265,0.84583,0.91332,0.68338,0.92057,0.64084,0.02481,0.00163964,0.00163964,0.00163964
93,201.738,0.95595,0.47727,0.01866,0.88689,0.90168,0.96018,0.74152,0.76173,0.45247,0.01746,0.00163568,0.00163568,0.00163568
94,203.827,0.9055,0.45827,0.0165,0.93633,0.925,0.97932,0.73473,0.81548,0.34228,0.0227,0.00163172,0.00163172,0.00163172
95,205.872,0.88332,0.45609,0.01596,0.84584,0.895,0.93827,0.7106,0.80779,0.51375,0.01871,0.00162776,0.00162776,0.00162776
96,207.991,0.91693,0.44414,0.01673,0.71522,0.935,0.90825,0.72627,0.72363,0.58556,0.02028,0.0016238,0.0016238,0.0016238
97,209.994,0.94059,0.44261,0.01821,0.92979,0.845,0.95051,0.68573,0.94241,0.53009,0.02379,0.00161984,0.00161984,0.00161984
98,212.006,0.99531,0.48235,0.01903,0.84942,0.84618,0.9415,0.68029,0.94433,0.62886,0.03021,0.00161588,0.00161588,0.00161588
99,214,0.98474,0.46545,0.01792,0.99445,0.89512,0.97911,0.68284,1.00515,0.47954,0.02541,0.00161192,0.00161192,0.00161192
100,216.126,0.93788,0.44205,0.01707,0.95111,0.87535,0.97105,0.75725,0.8093,0.47449,0.01845,0.00160796,0.00160796,0.00160796
101,218.231,0.8966,0.41583,0.01725,0.89019,0.93224,0.96516,0.69473,0.84387,0.44149,0.02645,0.001604,0.001604,0.001604
102,220.606,0.88851,0.44146,0.01608,0.91875,0.9,0.97317,0.76759,0.83083,0.47665,0.01866,0.00160004,0.00160004,0.00160004
103,223.012,0.88837,0.42412,0.01625,0.92876,0.895,0.96296,0.69256,0.88673,0.45124,0.02686,0.00159608,0.00159608,0.00159608
104,225.427,0.95029,0.4342,0.01729,0.9256,0.905,0.94735,0.62553,1.0957,0.47927,0.03225,0.00159212,0.00159212,0.00159212
105,227.509,0.93891,0.46336,0.01782,0.87233,0.92,0.93395,0.73245,0.83243,0.4933,0.02353,0.00158816,0.00158816,0.00158816
106,229.857,0.92095,0.43242,0.01748,0.92324,0.9021,0.96738,0.78033,0.70124,0.46427,0.01967,0.0015842,0.0015842,0.0015842
107,231.924,0.89688,0.42836,0.01735,0.86414,0.905,0.95898,0.68016,1.00204,0.50808,0.03372,0.00158024,0.00158024,0.00158024
108,234.108,0.88495,0.41598,0.01681,0.97819,0.89721,0.97916,0.78355,0.71113,0.49359,0.02089,0.00157628,0.00157628,0.00157628
109,236.131,0.90447,0.42469,0.01565,0.90087,0.895,0.96675,0.75205,0.77332,0.37319,0.02105,0.00157232,0.00157232,0.00157232
110,238.194,0.8303,0.41951,0.01451,0.89879,0.855,0.94145,0.74178,0.75371,0.44817,0.01768,0.00156836,0.00156836,0.00156836
111,240.22,0.82862,0.38799,0.01454,0.94471,0.9397,0.98243,0.78121,0.76506,0.33774,0.02161,0.0015644,0.0015644,0.0015644
112,242.398,0.84492,0.40733,0.01509,0.9673,0.88754,0.97325,0.79051,0.67251,0.46473,0.01665,0.00156044,0.00156044,0.00156044
113,244.444,0.88802,0.4229,0.016,0.87916,0.875,0.94956,0.75516,0.78331,0.51376,0.02216,0.00155648,0.00155648,0.00155648
114,246.478,0.84598,0.42475,0.01528,0.93578,0.87433,0.95865,0.72914,0.77943,0.49959,0.01966,0.00155252,0.00155252,0.00155252
115,248.577,0.81576,0.3674,0.01418,0.90272,0.83517,0.93429,0.74856,0.77325,0.529,0.02254,0.00154856,0.00154856,0.00154856
116,250.649,0.84777,0.42679,0.01547,0.85788,0.865,0.94454,0.76511,0.70872,0.57117,0.01908,0.0015446,0.0015446,0.0015446
117,252.657,0.79217,0.39288,0.01447,0.82952,0.935,0.92111,0.71273,0.82204,0.56518,0.0238,0.00154064,0.00154064,0.00154064
118,254.704,0.81371,0.40073,0.01478,0.89104,0.94,0.96046,0.75709,0.73274,0.37217,0.01917,0.00153668,0.00153668,0.00153668
119,256.797,0.76071,0.36837,0.0129,0.92709,0.92,0.97471,0.77765,0.7903,0.43542,0.02083,0.00153272,0.00153272,0.00153272
120,258.856,0.84959,0.39974,0.01556,0.9282,0.895,0.96632,0.71148,0.89134,0.41794,0.02972,0.00152876,0.00152876,0.00152876
121,260.876,0.80641,0.39563,0.01459,0.9469,0.93,0.97662,0.77299,0.77828,0.38661,0.02367,0.0015248,0.0015248,0.0015248
122,262.912,0.7881,0.37359,0.01365,0.96699,0.87878,0.98057,0.79744,0.66479,0.35097,0.0154,0.00152084,0.00152084,0.00152084
123,265.046,0.79354,0.39471,0.01399,0.92242,0.95118,0.97976,0.77469,0.75593,0.40173,0.01757,0.00151688,0.00151688,0.00151688
124,267.044,0.78449,0.39344,0.01334,0.89455,0.8907,0.96233,0.77141,0.81877,0.54578,0.02041,0.00151292,0.00151292,0.00151292
125,269.113,0.79372,0.38159,0.0138,0.88661,0.835,0.9226,0.72756,0.71632,0.50882,0.01695,0.00150896,0.00150896,0.00150896
126,271.154,0.78058,0.38132,0.01345,0.92698,0.885,0.97226,0.78203,0.7457,0.40517,0.01906,0.001505,0.001505,0.001505
127,273.261,0.79355,0.38257,0.01449,0.94167,0.88791,0.97772,0.7628,0.75973,0.37429,0.02167,0.00150104,0.00150104,0.00150104
128,275.336,0.77485,0.37635,0.01376,0.89349,0.895,0.94397,0.80692,0.59271,0.40043,0.01507,0.00149708,0.00149708,0.00149708
129,277.351,0.80114,0.37993,0.01429,0.93056,0.89,0.96184,0.75763,0.75429,0.41685,0.01772,0.00149312,0.00149312,0.00149312
130,279.426,0.80865,0.39196,0.01386,0.8874,0.9457,0.96968,0.78936,0.68925,0.401,0.017,0.00148916,0.00148916,0.00148916
131,281.514,0.7871,0.39131,0.01403,0.9045,0.89978,0.96524,0.79867,0.65079,0.45779,0.01549,0.0014852,0.0014852,0.0014852
132,283.679,0.76937,0.37903,0.01358,0.91621,0.87471,0.95815,0.72456,0.76419,0.50824,0.01875,0.00148124,0.00148124,0.00148124
133,285.867,0.80627,0.38885,0.01372,0.95683,0.88,0.97677,0.7856,0.68365,0.4053,0.01742,0.00147728,0.00147728,0.00147728
134,288.001,0.73857,0.34685,0.01246,0.94038,0.86759,0.96559,0.79232,0.65233,0.38957,0.01742,0.00147332,0.00147332,0.00147332
135,290.398,0.78008,0.37934,0.01363,0.9299,0.92854,0.97689,0.79785,0.60369,0.37292,0.01554,0.00146936,0.00146936,0.00146936
136,292.652,0.81105,0.38841,0.01416,0.91926,0.91086,0.96369,0.78899,0.64941,0.3681,0.01659,0.0014654,0.0014654,0.0014654
137,294.971,0.80315,0.38891,0.01488,0.92994,0.92914,0.97254,0.75491,0.80023,0.4555,0.02383,0.00146144,0.00146144,0.00146144
138,297.147,0.73683,0.36524,0.01226,0.86842,0.85804,0.91947,0.76584,0.6232,0.45934,0.01483,0.00145748,0.00145748,0.00145748
139,299.251,0.77853,0.37589,0.01419,0.88974,0.93,0.9644,0.75749,0.80554,0.43673,0.02203,0.00145352,0.00145352,0.00145352
140,301.307,0.74214,0.3536,0.01276,0.92873,0.95,0.97786,0.79013,0.72908,0.32599,0.01797,0.00144956,0.00144956,0.00144956
141,303.321,0.73954,0.34258,0.01256,0.93439,0.94,0.97638,0.8329,0.59194,0.31556,0.0137,0.0014456,0.0014456,0.0014456
142,305.509,0.77212,0.37958,0.01348,0.98664,0.91,0.98339,0.83772,0.61273,0.30491,0.01477,0.00144164,0.00144164,0.00144164
143,307.552,0.79805,0.37358,0.01355,0.95922,0.94099,0.98643,0.77493,0.84345,0.35804,0.01878,0.00143768,0.00143768,0.00143768
144,309.631,0.75782,0.36009,0.01295,0.89239,0.91,0.96897,0.74746,0.83786,0.40388,0.0255,0.00143372,0.00143372,0.00143372
145,311.684,0.77691,0.37661,0.01284,0.93461,0.915,0.97365,0.82398,0.59127,0.33115,0.01467,0.00142976,0.00142976,0.00142976
146,313.811,0.72332,0.33825,0.01256,0.90299,0.925,0.96183,0.79647,0.59297,0.35475,0.01415,0.0014258,0.0014258,0.0014258
147,315.85,0.7378,0.36434,0.01248,0.91656,0.975,0.98503,0.80957,0.66434,0.33849,0.01449,0.00142184,0.00142184,0.00142184
148,317.89,0.73843,0.36251,0.01305,0.91215,0.935,0.96382,0.77623,0.65561,0.36311,0.01746,0.00141788,0.00141788,0.00141788
149,319.948,0.75542,0.35394,0.01322,0.87081,0.91001,0.93583,0.72358,0.75504,0.37777,0.02129,0.00141392,0.00141392,0.00141392
150,322.095,0.72499,0.3468,0.0121,0.845,0.88,0.94388,0.74834,0.69581,0.4809,0.01759,0.00140996,0.00140996,0.00140996
151,324.123,0.75639,0.35416,0.01248,0.92808,0.925,0.97375,0.80102,0.65636,0.32668,0.01778,0.001406,0.001406,0.001406
152,326.173,0.70922,0.32213,0.01244,0.93116,0.94682,0.97714,0.76721,0.6837,0.31543,0.01789,0.00140204,0.00140204,0.00140204
153,328.189,0.73744,0.35257,0.01249,0.94401,0.92727,0.97756,0.77468,0.77514,0.3825,0.02014,0.00139808,0.00139808,0.00139808
154,330.342,0.67356,0.3151,0.01086,0.89575,0.95,0.97138,0.78598,0.71223,0.39485,0.01534,0.00139412,0.00139412,0.00139412
155,332.549,0.76508,0.34962,0.0136,0.92458,0.91939,0.96088,0.78398,0.65851,0.36932,0.01837,0.00139016,0.00139016,0.00139016
156,334.687,0.80172,0.36512,0.01496,0.89462,0.93385,0.95971,0.79095,0.59328,0.40039,0.01421,0.0013862,0.0013862,0.0013862
157,337.078,0.79034,0.37241,0.01341,0.93236,0.9649,0.97492,0.75518,0.87156,0.43568,0.02217,0.00138224,0.00138224,0.00138224
158,339.396,0.69862,0.33345,0.01157,0.92951,0.955,0.98278,0.79752,0.67569,0.3264,0.01592,0.00137828,0.00137828,0.00137828
159,341.579,0.68945,0.32743,0.01117,0.93192,0.94,0.97682,0.81294,0.67018,0.31632,0.01795,0.00137432,0.00137432,0.00137432
160,344.055,0.69259,0.3253,0.01121,0.89622,0.95,0.97278,0.80649,0.5728,0.34915,0.01216,0.00137036,0.00137036,0.00137036
161,346.177,0.66966,0.32012,0.01108,0.93156,0.95285,0.98059,0.81946,0.57445,0.35256,0.01446,0.0013664,0.0013664,0.0013664
162,348.224,0.67072,0.30749,0.01088,0.9641,0.93,0.97895,0.80897,0.61877,0.29404,0.01513,0.00136244,0.00136244,0.00136244
163,350.25,0.73308,0.34209,0.01184,0.94708,0.89488,0.97194,0.77994,0.72596,0.35434,0.01785,0.00135848,0.00135848,0.00135848
164,352.314,0.69366,0.33999,0.01122,0.87411,0.955,0.97161,0.79844,0.5902,0.33849,0.01451,0.00135452,0.00135452,0.00135452
165,354.383,0.69415,0.324,0.01191,0.91348,0.95026,0.96413,0.78246,0.61079,0.35049,0.01576,0.00135056,0.00135056,0.00135056
166,356.426,0.68921,0.32396,0.01141,0.86673,0.935,0.96427,0.83451,0.54072,0.32756,0.0128,0.0013466,0.0013466,0.0013466
167,358.433,0.71678,0.33927,0.01239,0.90275,0.935,0.97582,0.80342,0.64077,0.34023,0.01448,0.00134264,0.00134264,0.00134264
168,360.563,0.66799,0.33724,0.01213,0.92426,0.95,0.97159,0.78693,0.69412,0.37384,0.02078,0.00133868,0.00133868,0.00133868
169,362.571,0.70373,0.32805,0.01125,0.96438,0.9475,0.97705,0.80716,0.61542,0.32861,0.01503,0.00133472,0.00133472,0.00133472
170,364.672,0.72939,0.36735,0.01266,0.96814,0.95,0.97674,0.84163,0.54414,0.25663,0.01247,0.00133076,0.00133076,0.00133076
171,366.765,0.70662,0.34425,0.01182,0.96089,0.94,0.98495,0.81764,0.67005,0.3194,0.01699,0.0013268,0.0013268,0.0013268
172,368.877,0.6794,0.32563,0.01107,0.93482,0.93,0.9677,0.82241,0.6323,0.27447,0.01704,0.00132284,0.00132284,0.00132284
173,370.886,0.69691,0.32461,0.01163,0.94308,0.925,0.97463,0.80466,0.62548,0.30615,0.01685,0.00131888,0.00131888,0.00131888
174,372.931,0.70224,0.31431,0.01215,0.9499,0.96,0.97818,0.80713,0.64772,0.26945,0.01461,0.00131492,0.00131492,0.00131492
175,375.053,0.70792,0.33344,0.01162,0.90357,0.94,0.9656,0.81462,0.58724,0.33403,0.01457,0.00131096,0.00131096,0.00131096
176,377.376,0.6868,0.3286,0.01131,0.96401,0.955,0.98586,0.76002,0.75421,0.33482,0.01983,0.001307,0.001307,0.001307
177,379.467,0.65863,0.30463,0.01111,0.9684,0.91945,0.97633,0.77825,0.64286,0.3134,0.0163,0.00130304,0.00130304,0.00130304
178,381.589,0.69403,0.32971,0.01107,0.96005,0.96124,0.98846,0.8392,0.59857,0.24878,0.01411,0.00129908,0.00129908,0.00129908
179,383.779,0.7611,0.34177,0.01335,0.97746,0.95,0.9878,0.83135,0.59786,0.23371,0.01467,0.00129512,0.00129512,0.00129512
180,386.028,0.67556,0.32725,0.01116,0.97874,0.92069,0.98655,0.83031,0.55569,0.29588,0.01292,0.00129116,0.00129116,0.00129116
181,388.032,0.67096,0.32608,0.01146,0.98377,0.90926,0.97843,0.78309,0.73249,0.38906,0.0158,0.0012872,0.0012872,0.0012872
182,390.114,0.65197,0.31896,0.01065,0.9677,0.955,0.99013,0.82779,0.61639,0.23531,0.01649,0.00128324,0.00128324,0.00128324
183,392.233,0.65195,0.31555,0.01078,0.96046,0.935,0.98486,0.80131,0.6904,0.29423,0.01805,0.00127928,0.00127928,0.00127928
184,394.274,0.63179,0.31229,0.01041,0.97574,0.935,0.9871,0.81173,0.66039,0.29832,0.01406,0.00127532,0.00127532,0.00127532
185,396.319,0.65249,0.33381,0.0112,0.93796,0.935,0.97117,0.78619,0.7306,0.31753,0.01562,0.00127136,0.00127136,0.00127136
186,398.4,0.6525,0.31273,0.0107,0.95127,0.945,0.97858,0.82686,0.58823,0.30447,0.01307,0.0012674,0.0012674,0.0012674
187,400.486,0.63731,0.29571,0.01051,0.95211,0.96,0.98217,0.81611,0.63758,0.26627,0.01633,0.00126344,0.00126344,0.00126344
188,402.537,0.64941,0.31871,0.01084,0.96804,0.885,0.97218,0.76636,0.74202,0.32923,0.01819,0.00125948,0.00125948,0.00125948
189,404.54,0.69207,0.33124,0.01162,0.9192,0.985,0.98457,0.81459,0.62711,0.2723,0.017,0.00125552,0.00125552,0.00125552
190,406.595,0.68703,0.32332,0.01141,0.97155,0.935,0.97511,0.80096,0.64432,0.28485,0.01577,0.00125156,0.00125156,0.00125156
191,408.681,0.68788,0.32057,0.01161,0.9548,0.9505,0.97944,0.82059,0.62403,0.26848,0.01564,0.0012476,0.0012476,0.0012476
192,410.717,0.70347,0.31478,0.01143,0.94513,0.86128,0.93611,0.77162,0.68208,0.31629,0.01812,0.00124364,0.00124364,0.00124364
193,412.73,0.69158,0.33965,0.01225,0.90688,0.96,0.9831,0.80843,0.63844,0.31535,0.01522,0.00123968,0.00123968,0.00123968
194,414.825,0.66094,0.31488,0.01034,0.96196,0.88516,0.96799,0.81257,0.63672,0.32572,0.01574,0.00123572,0.00123572,0.00123572
195,416.975,0.65374,0.30628,0.01057,0.91792,0.95063,0.97291,0.84245,0.5674,0.27294,0.01342,0.00123176,0.00123176,0.00123176
196,419.064,0.67167,0.3143,0.01103,0.95757,0.935,0.9789,0.79358,0.64436,0.31256,0.0183,0.0012278,0.0012278,0.0012278
197,421.142,0.68248,0.32196,0.01198,0.96649,0.92,0.97923,0.83383,0.52753,0.33892,0.01317,0.00122384,0.00122384,0.00122384
198,423.392,0.65091,0.30111,0.01108,0.96849,0.92198,0.98512,0.85018,0.57988,0.32193,0.0138,0.00121988,0.00121988,0.00121988
199,425.903,0.6138,0.28546,0.00991,0.98397,0.92092,0.9795,0.85277,0.51806,0.2865,0.01241,0.00121592,0.00121592,0.00121592
200,428.543,0.6279,0.29401,0.01063,0.94365,0.97,0.9865,0.83628,0.5683,0.26903,0.01367,0.00121196,0.00121196,0.00121196
201,430.86,0.66824,0.29821,0.01159,0.96958,0.95611,0.98483,0.79937,0.78129,0.3177,0.02301,0.001208,0.001208,0.001208
202,433.408,0.63851,0.28835,0.0111,0.93803,0.95,0.97869,0.78753,0.74162,0.33743,0.02396,0.00120404,0.00120404,0.00120404
203,435.501,0.64955,0.29758,0.01152,0.94232,0.925,0.97848,0.82004,0.58189,0.28982,0.01395,0.00120008,0.00120008,0.00120008
204,437.521,0.63731,0.32094,0.0103,0.95013,0.95266,0.97951,0.831,0.5628,0.25166,0.0126,0.00119612,0.00119612,0.00119612
205,439.56,0.62615,0.28046,0.01024,0.93237,0.96501,0.98194,0.84268,0.57991,0.26488,0.01209,0.00119216,0.00119216,0.00119216
206,441.718,0.61845,0.29936,0.00981,0.96471,0.95667,0.98045,0.83702,0.59954,0.26236,0.01385,0.0011882,0.0011882,0.0011882
207,443.731,0.61747,0.2804,0.01051,0.97907,0.93554,0.98572,0.82287,0.59264,0.25641,0.01211,0.00118424,0.00118424,0.00118424
208,445.811,0.63151,0.29107,0.01107,0.97191,0.925,0.98634,0.85553,0.51775,0.2419,0.01164,0.00118028,0.00118028,0.00118028
209,447.872,0.628,0.28459,0.01006,0.95993,0.95816,0.9879,0.8373,0.62352,0.28537,0.01544,0.00117632,0.00117632,0.00117632
210,450.001,0.62406,0.29223,0.0104,0.9546,0.94612,0.98389,0.83059,0.56285,0.24822,0.01206,0.00117236,0.00117236,0.00117236
211,451.999,0.61158,0.26464,0.0104,0.95644,0.98795,0.99206,0.83914,0.59431,0.22973,0.01378,0.0011684,0.0011684,0.0011684
212,454.087,0.63888,0.28804,0.01062,0.97033,0.98114,0.99217,0.87433,0.52295,0.20384,0.01122,0.00116444,0.00116444,0.00116444
213,456.227,0.64835,0.29591,0.01158,0.94932,0.93659,0.98424,0.81745,0.63195,0.323,0.01614,0.00116048,0.00116048,0.00116048
214,458.297,0.65292,0.31866,0.01109,0.91796,0.95104,0.97619,0.79849,0.61952,0.34794,0.01549,0.00115652,0.00115652,0.00115652
215,460.344,0.61636,0.28764,0.00966,0.92081,0.93019,0.96685,0.79418,0.61162,0.32804,0.0139,0.00115256,0.00115256,0.00115256
216,462.409,0.63611,0.30053,0.00974,0.95461,0.94636,0.98803,0.84251,0.53619,0.25806,0.01354,0.0011486,0.0011486,0.0011486
217,464.488,0.67245,0.29569,0.01042,0.94996,0.94912,0.98224,0.81418,0.56608,0.25589,0.01144,0.00114464,0.00114464,0.00114464
218,466.591,0.64892,0.29262,0.01014,0.94829,0.965,0.98566,0.81759,0.67935,0.27241,0.01537,0.00114068,0.00114068,0.00114068
219,468.923,0.60228,0.27373,0.00975,0.95861,0.945,0.97977,0.85055,0.54597,0.23725,0.0128,0.00113672,0.00113672,0.00113672
220,471.008,0.63281,0.29606,0.0101,0.95994,0.935,0.98423,0.84207,0.58629,0.27432,0.0148,0.00113276,0.00113276,0.00113276
221,473.334,0.63298,0.28799,0.01065,0.97944,0.95261,0.99173,0.8639,0.5472,0.25176,0.01158,0.0011288,0.0011288,0.0011288
222,475.735,0.60171,0.26586,0.00952,0.97499,0.97451,0.98988,0.8711,0.5175,0.21341,0.01119,0.00112484,0.00112484,0.00112484
223,478.119,0.60177,0.2733,0.00944,0.96805,0.93,0.97931,0.84129,0.58983,0.26187,0.01205,0.00112088,0.00112088,0.00112088
224,480.266,0.59648,0.29449,0.00948,0.96243,0.94,0.9799,0.85845,0.51852,0.24923,0.01128,0.00111692,0.00111692,0.00111692
225,482.277,0.60488,0.28808,0.00968,0.97512,0.935,0.98534,0.83941,0.58334,0.28219,0.01217,0.00111296,0.00111296,0.00111296
226,484.339,0.62139,0.30573,0.01013,0.96841,0.97,0.98936,0.87709,0.4832,0.22806,0.011,0.001109,0.001109,0.001109
227,486.388,0.60764,0.28182,0.0098,0.91811,0.97,0.97892,0.8213,0.58387,0.29807,0.01401,0.00110504,0.00110504,0.00110504
228,488.564,0.62723,0.28497,0.00995,0.91997,0.93,0.97371,0.83851,0.56553,0.29759,0.01437,0.00110108,0.00110108,0.00110108
229,490.581,0.59224,0.2781,0.00978,0.96885,0.93301,0.98551,0.84887,0.56849,0.28742,0.01496,0.00109712,0.00109712,0.00109712
230,492.635,0.6133,0.30047,0.01034,0.96803,0.9083,0.98093,0.87608,0.48482,0.24321,0.0109,0.00109316,0.00109316,0.00109316
231,494.655,0.61243,0.2907,0.00963,0.9841,0.935,0.98879,0.87784,0.51197,0.2452,0.01142,0.0010892,0.0010892,0.0010892
232,496.834,0.60036,0.28192,0.00959,0.94969,0.94378,0.98595,0.8692,0.47847,0.27675,0.01056,0.00108524,0.00108524,0.00108524
233,498.863,0.60047,0.27986,0.00985,0.95719,0.895,0.97895,0.83179,0.56728,0.30699,0.01391,0.00108128,0.00108128,0.00108128
234,500.952,0.59225,0.27584,0.00995,0.95375,0.95,0.98723,0.85895,0.52879,0.27956,0.0114,0.00107732,0.00107732,0.00107732
235,502.967,0.58756,0.25381,0.00956,0.94069,0.95168,0.97948,0.8487,0.52752,0.30104,0.01246,0.00107336,0.00107336,0.00107336
236,505.101,0.61912,0.29319,0.00995,0.96535,0.97,0.99153,0.8718,0.49095,0.23297,0.01,0.0010694,0.0010694,0.0010694
237,507.108,0.60716,0.26678,0.01028,0.96057,0.97434,0.98366,0.85019,0.57047,0.21354,0.01295,0.00106544,0.00106544,0.00106544
238,509.188,0.5868,0.27278,0.00981,0.96955,0.95537,0.98849,0.85971,0.54566,0.23286,0.01178,0.00106148,0.00106148,0.00106148
239,511.282,0.56348,0.26334,0.0091,0.94586,0.96097,0.9843,0.85362,0.56715,0.24806,0.01274,0.00105752,0.00105752,0.00105752
240,513.563,0.60768,0.27387,0.01026,0.95534,0.97,0.99083,0.83634,0.64,0.25615,0.01685,0.00105356,0.00105356,0.00105356
241,515.649,0.62732,0.2642,0.01091,0.965,0.965,0.99161,0.83779,0.62149,0.24234,0.0163,0.0010496,0.0010496,0.0010496
242,517.916,0.60862,0.27583,0.01014,0.97958,0.95922,0.99215,0.8242,0.64937,0.22198,0.0178,0.00104564,0.00104564,0.00104564
243,520.103,0.58977,0.25868,0.01009,0.94647,0.9724,0.99066,0.86423,0.51177,0.2078,0.01239,0.00104168,0.00104168,0.00104168
244,522.558,0.63211,0.31043,0.01046,0.96218,0.935,0.97942,0.84494,0.54712,0.23101,0.01174,0.00103772,0.00103772,0.00103772
245,524.633,0.5978,0.2615,0.00969,0.95018,0.95364,0.98581,0.81862,0.59716,0.23923,0.01131,0.00103376,0.00103376,0.00103376
246,526.692,0.62632,0.27284,0.0105,0.98229,0.935,0.98845,0.85052,0.55275,0.24144,0.0121,0.0010298,0.0010298,0.0010298
247,528.694,0.58747,0.26384,0.00968,0.95485,0.95176,0.98741,0.8545,0.5492,0.2497,0.01238,0.00102584,0.00102584,0.00102584
248,530.812,0.56413,0.26137,0.00913,0.97932,0.94735,0.98943,0.86516,0.53575,0.22775,0.01096,0.00102188,0.00102188,0.00102188
249,532.837,0.56055,0.27062,0.00987,0.96852,0.92306,0.98092,0.84801,0.56435,0.23114,0.01271,0.00101792,0.00101792,0.00101792
250,534.913,0.55244,0.25742,0.00866,0.98428,0.9391,0.99017,0.86182,0.51034,0.21342,0.0112,0.00101396,0.00101396,0.00101396
251,536.936,0.58077,0.25995,0.0091,0.97109,0.94,0.98705,0.85321,0.49999,0.23034,0.01129,0.00101,0.00101,0.00101
252,539.093,0.57044,0.27006,0.00911,0.95118,0.935,0.98611,0.87285,0.48979,0.23625,0.01091,0.00100604,0.00100604,0.00100604
253,541.113,0.54413,0.26056,0.00848,0.97482,0.96796,0.9921,0.86194,0.54961,0.21774,0.01146,0.00100208,0.00100208,0.00100208
254,543.152,0.58317,0.25557,0.00825,0.9702,0.97673,0.9927,0.86501,0.51413,0.21706,0.0118,0.00099812,0.00099812,0.00099812
255,545.168,0.52827,0.26324,0.00845,0.97558,0.915,0.98605,0.83305,0.57498,0.25119,0.01419,0.00099416,0.00099416,0.00099416
256,547.343,0.56224,0.25625,0.00906,0.96637,0.92,0.98412,0.82877,0.64618,0.24887,0.01564,0.0009902,0.0009902,0.0009902
257,549.361,0.5459,0.25935,0.00846,0.95787,0.96,0.9889,0.85367,0.50226,0.21825,0.01146,0.00098624,0.00098624,0.00098624
258,551.401,0.56421,0.25981,0.00913,0.95007,0.95146,0.98634,0.82663,0.62832,0.28411,0.01264,0.00098228,0.00098228,0.00098228
259,553.508,0.63975,0.2886,0.01027,0.93209,0.96082,0.98547,0.86554,0.49414,0.23167,0.01104,0.00097832,0.00097832,0.00097832
260,555.559,0.60312,0.28166,0.01024,0.91879,0.93,0.98261,0.84482,0.56508,0.27538,0.01235,0.00097436,0.00097436,0.00097436
261,557.58,0.55454,0.25967,0.00831,0.87288,0.95,0.95868,0.83064,0.48893,0.28151,0.0108,0.0009704,0.0009704,0.0009704
262,559.698,0.56323,0.25693,0.00876,0.97689,0.945,0.98856,0.81211,0.57309,0.25041,0.01423,0.00096644,0.00096644,0.00096644
263,561.873,0.54729,0.24933,0.00915,0.98503,0.98734,0.99451,0.87648,0.48513,0.18663,0.01092,0.00096248,0.00096248,0.00096248
264,564.057,0.5345,0.24462,0.00855,0.96506,0.96685,0.99186,0.84777,0.555,0.21644,0.01188,0.00095852,0.00095852,0.00095852
265,566.35,0.57332,0.26544,0.00936,0.98439,0.94595,0.99237,0.87593,0.53552,0.2123,0.01098,0.00095456,0.00095456,0.00095456
266,568.65,0.57558,0.25315,0.00907,0.97344,0.975,0.99075,0.86885,0.55537,0.21063,0.01155,0.0009506,0.0009506,0.0009506
267,570.737,0.56251,0.26428,0.00942,0.96493,0.95,0.98936,0.85206,0.53798,0.22071,0.01166,0.00094664,0.00094664,0.00094664
268,572.857,0.58097,0.26251,0.00937,0.96414,0.975,0.99051,0.8531,0.54635,0.23776,0.01335,0.00094268,0.00094268,0.00094268
269,575.197,0.56227,0.2686,0.00861,0.96895,0.93612,0.98855,0.86362,0.47624,0.21982,0.01057,0.00093872,0.00093872,0.00093872
270,577.335,0.56499,0.25881,0.00892,0.92023,0.9806,0.98338,0.85574,0.5197,0.20723,0.01112,0.00093476,0.00093476,0.00093476
271,579.345,0.5254,0.24916,0.00851,0.9399,0.93836,0.98707,0.8697,0.50669,0.2137,0.01129,0.0009308,0.0009308,0.0009308
272,581.418,0.54004,0.24689,0.00799,0.97028,0.97955,0.9923,0.88373,0.512,0.19699,0.01093,0.00092684,0.00092684,0.00092684
273,583.497,0.54527,0.2448,0.00804,0.98098,0.965,0.99248,0.89422,0.47579,0.17846,0.01015,0.00092288,0.00092288,0.00092288
274,585.715,0.53811,0.26793,0.00849,0.95445,0.98,0.98915,0.86806,0.51311,0.18388,0.01142,0.00091892,0.00091892,0.00091892
275,587.748,0.55186,0.24934,0.00884,0.95144,0.97963,0.99219,0.87114,0.5299,0.19364,0.01212,0.00091496,0.00091496,0.00091496
276,589.834,0.57581,0.25323,0.00884,0.97989,0.9744,0.99102,0.87729,0.52609,0.20401,0.01134,0.000911,0.000911,0.000911
277,591.851,0.5161,0.23373,0.00837,0.95608,0.97966,0.99081,0.87788,0.51935,0.21983,0.01157,0.00090704,0.00090704,0.00090704
278,593.991,0.53996,0.25462,0.00805,0.97509,0.97845,0.99312,0.88957,0.49799,0.20391,0.01035,0.00090308,0.00090308,0.00090308
279,596.026,0.53179,0.24484,0.00846,0.98883,0.98,0.99247,0.87629,0.48799,0.17152,0.01088,0.00089912,0.00089912,0.00089912
280,598.139,0.52368,0.25026,0.00817,0.95627,0.98408,0.99217,0.87382,0.51259,0.20895,0.0125,0.00089516,0.00089516,0.00089516
281,600.164,0.55243,0.252,0.00899,0.97468,0.96235,0.99065,0.84799,0.60184,0.24008,0.01478,0.0008912,0.0008912,0.0008912
282,602.333,0.5509,0.24676,0.00882,0.95663,0.955,0.98806,0.88191,0.52309,0.24892,0.01109,0.00088724,0.00088724,0.00088724
283,604.365,0.56734,0.28967,0.00883,0.98469,0.96451,0.99029,0.87672,0.51087,0.20816,0.01114,0.00088328,0.00088328,0.00088328
284,606.65,0.53048,0.24322,0.00846,0.96947,0.9527,0.97814,0.8625,0.50817,0.21735,0.00977,0.00087932,0.00087932,0.00087932
285,608.849,0.5648,0.25673,0.00899,0.95854,0.97,0.9883,0.87362,0.51687,0.22927,0.01142,0.00087536,0.00087536,0.00087536
286,610.957,0.5512,0.23778,0.00848,0.94595,0.96261,0.98787,0.86836,0.50747,0.2221,0.01159,0.0008714,0.0008714,0.0008714
287,613.246,0.54302,0.25803,0.00805,0.93726,0.97104,0.98287,0.85556,0.52893,0.24397,0.01114,0.00086744,0.00086744,0.00086744
288,615.632,0.53161,0.2472,0.00837,0.95131,0.975,0.98955,0.86168,0.51279,0.21743,0.01168,0.00086348,0.00086348,0.00086348
289,618.193,0.54655,0.26606,0.00789,0.94637,0.97,0.98773,0.84946,0.56259,0.25361,0.01248,0.00085952,0.00085952,0.00085952
290,620.217,0.50199,0.24262,0.00778,0.95114,0.97336,0.99091,0.86424,0.5337,0.23541,0.01137,0.00085556,0.00085556,0.00085556
291,622.234,0.51885,0.22979,0.00765,0.94538,0.965,0.99002,0.86707,0.50742,0.21868,0.01074,0.0008516,0.0008516,0.0008516
292,624.321,0.51304,0.23586,0.00767,0.93754,0.97569,0.9897,0.88039,0.4726,0.23036,0.01009,0.00084764,0.00084764,0.00084764
293,626.396,0.55328,0.23532,0.00809,0.96002,0.97,0.99067,0.87664,0.47595,0.21905,0.0098,0.00084368,0.00084368,0.00084368
294,628.463,0.53889,0.25129,0.00822,0.98036,0.945,0.98944,0.85264,0.53367,0.25524,0.01051,0.00083972,0.00083972,0.00083972
295,630.485,0.54365,0.24717,0.00805,0.93324,0.98,0.98795,0.86701,0.50095,0.25237,0.01034,0.00083576,0.00083576,0.00083576
296,632.53,0.54842,0.23533,0.0085,0.97932,0.9471,0.99026,0.8544,0.53755,0.23513,0.01262,0.0008318,0.0008318,0.0008318
297,634.652,0.53933,0.22137,0.00857,0.95011,0.98,0.99098,0.88407,0.46869,0.2068,0.01023,0.00082784,0.00082784,0.00082784
298,636.731,0.52688,0.24764,0.00783,0.96509,0.96765,0.99094,0.8874,0.48183,0.20117,0.01136,0.00082388,0.00082388,0.00082388
299,638.749,0.54152,0.25063,0.00915,0.94243,0.99,0.99093,0.87401,0.48481,0.1954,0.01166,0.00081992,0.00081992,0.00081992
300,640.796,0.52014,0.23684,0.0084,0.9559,0.98,0.98448,0.85362,0.47878,0.22032,0.01038,0.00081596,0.00081596,0.00081596
301,642.882,0.544,0.24789,0.00832,0.95325,0.91768,0.98187,0.86022,0.48482,0.2432,0.01112,0.000812,0.000812,0.000812
302,644.954,0.53551,0.24708,0.00811,0.96357,0.98,0.9917,0.88327,0.48108,0.19111,0.01046,0.00080804,0.00080804,0.00080804
303,646.983,0.51692,0.23528,0.00793,0.94109,0.95851,0.98597,0.87483,0.49909,0.2067,0.01073,0.00080408,0.00080408,0.00080408
304,649.048,0.51114,0.24509,0.00787,0.96744,0.965,0.99085,0.86859,0.51663,0.19879,0.01059,0.00080012,0.00080012,0.00080012
305,651.12,0.52928,0.24655,0.00804,0.9742,0.9439,0.99058,0.88218,0.47102,0.19991,0.01041,0.00079616,0.00079616,0.00079616
306,653.18,0.51474,0.24504,0.00793,0.95998,0.95958,0.98978,0.86313,0.49733,0.22301,0.01091,0.0007922,0.0007922,0.0007922
307,655.438,0.51048,0.23605,0.00815,0.97815,0.975,0.99198,0.85276,0.53461,0.20461,0.01151,0.00078824,0.00078824,0.00078824
308,657.672,0.49158,0.22366,0.00723,0.96525,0.97227,0.99301,0.86497,0.48861,0.20546,0.01112,0.00078428,0.00078428,0.00078428
309,660.006,0.51909,0.24807,0.00768,0.97472,0.97,0.99287,0.88862,0.465,0.21553,0.01077,0.00078032,0.00078032,0.00078032
310,662.287,0.53857,0.25378,0.00842,0.95016,0.99,0.9915,0.88372,0.48239,0.1941,0.01017,0.00077636,0.00077636,0.00077636
311,664.304,0.49859,0.22736,0.00764,0.97955,0.95778,0.99181,0.89173,0.50038,0.18744,0.01087,0.0007724,0.0007724,0.0007724
312,666.917,0.50413,0.23344,0.00735,0.94607,0.99,0.98826,0.88502,0.47901,0.18392,0.01038,0.00076844,0.00076844,0.00076844
313,668.937,0.49571,0.22857,0.00745,0.95566,0.96996,0.98604,0.87855,0.48729,0.19846,0.01023,0.00076448,0.00076448,0.00076448
314,670.984,0.49362,0.23426,0.00731,0.95117,0.97392,0.98109,0.87166,0.49975,0.21047,0.01034,0.00076052,0.00076052,0.00076052
315,673.096,0.51482,0.22499,0.00804,0.96443,0.975,0.99163,0.87668,0.50636,0.20849,0.0102,0.00075656,0.00075656,0.00075656
316,675.175,0.52532,0.23061,0.00839,0.9766,0.98,0.99381,0.88533,0.45044,0.1658,0.00987,0.0007526,0.0007526,0.0007526
317,677.164,0.52224,0.23918,0.00775,0.9335,0.98271,0.98903,0.87047,0.49708,0.20315,0.01108,0.00074864,0.00074864,0.00074864
318,679.222,0.50811,0.21926,0.008,0.96014,0.96359,0.99116,0.87694,0.47917,0.19658,0.0109,0.00074468,0.00074468,0.00074468
319,681.304,0.53129,0.22888,0.00827,0.95374,0.98,0.99125,0.8851,0.45936,0.19224,0.01057,0.00074072,0.00074072,0.00074072
320,683.376,0.50786,0.22572,0.00779,0.9794,0.96,0.99266,0.862,0.51382,0.19543,0.01247,0.00073676,0.00073676,0.00073676
321,685.419,0.52143,0.22907,0.00853,0.92346,0.96522,0.98146,0.85715,0.47344,0.1973,0.01096,0.0007328,0.0007328,0.0007328
322,687.483,0.50386,0.23487,0.00787,0.97362,0.95,0.98947,0.84464,0.53375,0.22355,0.01141,0.00072884,0.00072884,0.00072884
323,689.61,0.49947,0.23684,0.00761,0.96741,0.965,0.99039,0.87053,0.49007,0.19062,0.01112,0.00072488,0.00072488,0.00072488
324,691.674,0.49592,0.21866,0.00752,0.92965,0.99111,0.98668,0.85796,0.52753,0.22599,0.0119,0.00072092,0.00072092,0.00072092
325,693.75,0.49106,0.23482,0.00744,0.93293,0.97,0.98523,0.86142,0.49056,0.24794,0.01086,0.00071696,0.00071696,0.00071696
326,695.791,0.53123,0.23449,0.00787,0.93206,0.96039,0.98704,0.86401,0.48714,0.2745,0.0107,0.000713,0.000713,0.000713
327,697.867,0.47757,0.21181,0.00723,0.96003,0.96073,0.99005,0.85699,0.51741,0.23793,0.01134,0.00070904,0.00070904,0.00070904
328,699.932,0.48996,0.21922,0.00733,0.97041,0.98395,0.99229,0.87997,0.51131,0.20166,0.01108,0.00070508,0.00070508,0.00070508
329,702.234,0.48559,0.21471,0.00745,0.97019,0.9763,0.99236,0.8861,0.46996,0.20708,0.01105,0.00070112,0.00070112,0.00070112
330,704.4,0.51369,0.22935,0.00738,0.97392,0.93346,0.98896,0.86452,0.51547,0.23744,0.01144,0.00069716,0.00069716,0.00069716
331,706.681,0.48211,0.21872,0.00731,0.93117,0.94695,0.98364,0.84612,0.50108,0.28596,0.0113,0.0006932,0.0006932,0.0006932
332,708.952,0.5007,0.21955,0.00756,0.96059,0.96,0.99013,0.86027,0.56363,0.25414,0.01323,0.00068924,0.00068924,0.00068924
333,710.957,0.49344,0.21888,0.00718,0.96744,0.975,0.99134,0.87035,0.50979,0.21928,0.01233,0.00068528,0.00068528,0.00068528
334,713.141,0.51745,0.23457,0.00805,0.96423,0.9435,0.98876,0.85807,0.5682,0.27063,0.01495,0.00068132,0.00068132,0.00068132
335,715.195,0.52598,0.23677,0.00835,0.93138,0.95018,0.98469,0.85491,0.5694,0.24706,0.01566,0.00067736,0.00067736,0.00067736
336,717.247,0.50345,0.23356,0.00708,0.9281,0.98,0.98333,0.84722,0.55292,0.25152,0.01263,0.0006734,0.0006734,0.0006734
337,719.268,0.51155,0.22529,0.00807,0.9412,0.97,0.97748,0.84499,0.51191,0.24549,0.01161,0.00066944,0.00066944,0.00066944
338,721.375,0.50844,0.23098,0.00809,0.91832,0.95565,0.9743,0.82842,0.59289,0.27156,0.01533,0.00066548,0.00066548,0.00066548
339,723.369,0.51616,0.23287,0.00759,0.93201,0.95952,0.98667,0.86466,0.53485,0.23433,0.01248,0.00066152,0.00066152,0.00066152
340,725.464,0.48081,0.2403,0.00738,0.97988,0.97394,0.99255,0.87292,0.50917,0.19639,0.01093,0.00065756,0.00065756,0.00065756
341,727.475,0.50688,0.22765,0.00789,0.96758,0.965,0.99064,0.85599,0.55455,0.2071,0.01298,0.0006536,0.0006536,0.0006536
342,729.6,0.50552,0.21617,0.00777,0.95509,0.95709,0.98699,0.84876,0.5562,0.24575,0.0128,0.00064964,0.00064964,0.00064964
343,731.615,0.49708,0.24308,0.00732,0.97507,0.97774,0.9929,0.86667,0.51366,0.20824,0.01139,0.00064568,0.00064568,0.00064568
344,733.646,0.50133,0.234,0.00778,0.97952,0.95634,0.99157,0.8725,0.4949,0.21767,0.0115,0.00064172,0.00064172,0.00064172
345,735.734,0.49878,0.21927,0.00755,0.95572,0.97121,0.99014,0.86745,0.48937,0.23076,0.01097,0.00063776,0.00063776,0.00063776
346,737.814,0.52044,0.23399,0.00798,0.94626,0.96855,0.98653,0.85511,0.53024,0.24894,0.01084,0.0006338,0.0006338,0.0006338
347,739.839,0.50507,0.22427,0.00762,0.94191,0.97281,0.98837,0.86405,0.50247,0.23578,0.01158,0.00062984,0.00062984,0.00062984
348,741.885,0.48629,0.22988,0.00738,0.95108,0.98,0.98856,0.88138,0.45962,0.23101,0.01021,0.00062588,0.00062588,0.00062588
349,743.968,0.53797,0.22196,0.00851,0.94119,0.96017,0.98729,0.85389,0.50854,0.26396,0.01169,0.00062192,0.00062192,0.00062192
350,746.058,0.51055,0.22716,0.00803,0.94722,0.955,0.98866,0.86435,0.5191,0.24408,0.01199,0.00061796,0.00061796,0.00061796
351,748.061,0.50074,0.22958,0.00781,0.94162,0.96768,0.98531,0.86821,0.51438,0.26119,0.01186,0.000614,0.000614,0.000614
352,750.162,0.51361,0.22942,0.00795,0.94173,0.99,0.99109,0.87785,0.48436,0.19081,0.01157,0.00061004,0.00061004,0.00061004
353,752.226,0.50582,0.22507,0.00839,0.94619,0.9671,0.98965,0.87144,0.48875,0.22686,0.01173,0.00060608,0.00060608,0.00060608
354,754.309,0.49634,0.23056,0.00737,0.94537,0.95,0.9872,0.86624,0.50773,0.26676,0.01182,0.00060212,0.00060212,0.00060212
355,756.42,0.51824,0.23565,0.00754,0.94698,0.98245,0.99115,0.86533,0.50043,0.22544,0.01105,0.00059816,0.00059816,0.00059816
356,758.531,0.49509,0.21883,0.00745,0.94857,0.965,0.99016,0.87408,0.46008,0.21595,0.01007,0.0005942,0.0005942,0.0005942
357,760.763,0.48985,0.23031,0.00715,0.94483,0.98,0.98993,0.86689,0.50286,0.21998,0.0113,0.00059024,0.00059024,0.00059024
358,763.005,0.48851,0.22088,0.00708,0.97506,0.97726,0.99313,0.88678,0.47155,0.18281,0.00993,0.00058628,0.00058628,0.00058628
359,765.176,0.4816,0.21285,0.00699,0.95647,0.98868,0.99229,0.8858,0.47141,0.20919,0.01034,0.00058232,0.00058232,0.00058232
360,767.445,0.44225,0.20398,0.00648,0.9695,0.95356,0.98767,0.87263,0.49514,0.25099,0.01053,0.00057836,0.00057836,0.00057836
361,769.532,0.47165,0.20571,0.0065,0.96288,0.98,0.99168,0.8811,0.48002,0.20943,0.01085,0.0005744,0.0005744,0.0005744
362,771.603,0.4809,0.22114,0.00701,0.95523,0.96006,0.98866,0.87698,0.47789,0.22188,0.01114,0.00057044,0.00057044,0.00057044
363,773.634,0.46796,0.22698,0.0072,0.95136,0.97801,0.99081,0.88053,0.48596,0.19927,0.01032,0.00056648,0.00056648,0.00056648
364,775.779,0.45881,0.21373,0.00727,0.965,0.96512,0.99021,0.88677,0.46555,0.22097,0.00949,0.00056252,0.00056252,0.00056252
365,777.807,0.47269,0.21568,0.00712,0.97494,0.97276,0.99188,0.88251,0.49591,0.21837,0.01098,0.00055856,0.00055856,0.00055856
366,779.845,0.45622,0.22744,0.00697,0.95864,0.98,0.99117,0.87247,0.51977,0.2344,0.01196,0.0005546,0.0005546,0.0005546
367,781.853,0.47607,0.21376,0.00688,0.93468,0.98,0.99041,0.87394,0.48239,0.24302,0.01028,0.00055064,0.00055064,0.00055064
368,783.998,0.45542,0.21928,0.00668,0.9815,0.945,0.99026,0.88263,0.47932,0.21759,0.01073,0.00054668,0.00054668,0.00054668
369,786.026,0.47811,0.21628,0.00712,0.95566,0.96981,0.99163,0.88612,0.45493,0.20301,0.00968,0.00054272,0.00054272,0.00054272
370,788.081,0.47508,0.2125,0.00742,0.9657,0.98542,0.99303,0.88922,0.47478,0.18599,0.01063,0.00053876,0.00053876,0.00053876
371,790.149,0.5078,0.22311,0.00812,0.96058,0.98,0.99165,0.88598,0.48307,0.21797,0.0098,0.0005348,0.0005348,0.0005348
372,792.271,0.48274,0.20345,0.00737,0.96084,0.985,0.99113,0.88674,0.48085,0.19769,0.0095,0.00053084,0.00053084,0.00053084
373,794.294,0.46371,0.19956,0.00675,0.95584,0.97405,0.98922,0.88985,0.44885,0.19531,0.00921,0.00052688,0.00052688,0.00052688
